<?xml version="1.0" encoding="UTF-8" ?>
<!DOCTYPE mapper
        PUBLIC "-//mybatis.org//DTD Mapper 3.0//EN"
        "http://mybatis.org/dtd/mybatis-3-mapper.dtd">
<mapper namespace="com.off.dao.UserDao">
    <!-- insertUserWithParam -->
    <insert id="insertUserWithParam" parameterType="User" >
        insert into user(id,uname,upass,age)  values(#{id},#{uname},#{upass},#{age})
    </insert>

    <!-- updateUser    -->
    <update id="updataUser" parameterType="User">
        update user set uname=#{uname},upass=#{upass},age=#{age}   where id=#{id}
    </update>

    <!-- deleteUser -->
    <delete id="deleteUser" parameterType="int">
        delete from user where id=#{id}
    </delete>
    <!-- selectUserById  -->
    <select id="selectUserById" parameterType="int" resultType="User">
        select * from user where id=#{id}
    </select>
    <!-- selectAllUser       -->
    <select id="selectAllUser" resultType="User">
        select * from user
    </select>

</mapper>